Label,# Samples,Average,Min,Max,Std. Dev.,Error %,Throughput,Received KB/sec,Sent KB/sec,Avg. Bytes
OrcaAppleChat,300,1717,1512,10253,695.90,0.000%,.99702,0.16,0.77,161.0
OrcaWhatsappChat,600,1747,1512,11763,862.84,0.000%,1.99322,0.31,1.22,161.0
WhatsAppNewPort init,600,18186,2520,31822,5428.95,61.667%,1.89783,0.73,1.56,392.8
WhatsAppNewPort message,600,13649,1218,23483,3627.52,68.500%,1.82631,0.71,1.00,396.3
TOTAL,2100,9840,1218,31822,8040.37,37.190%,6.33108,1.82,4.29,294.5
